treatment	cell.type	dose.nM	libType	rep	old.sample.name	SampleName	bigwig	group	color	bed	supergroup	Experiment	leafcutter.name
WA01	LCL	NA	polyA	1	NewMolecule.A01-1	WA01_NA_LCL_polyA_1	NA	NA	#252525	NA	NA	Single high dose LCL	NewMolecule.A01.1
WA02	LCL	NA	polyA	1	NewMolecule.A02-1	WA02_NA_LCL_polyA_1	NA	NA	#252525	NA	NA	Single high dose LCL	NewMolecule.A02.1
WA03	LCL	NA	polyA	1	NewMolecule.A03-1	WA03_NA_LCL_polyA_1	NA	NA	#252525	NA	NA	Single high dose LCL	NewMolecule.A03.1
WA04	LCL	NA	polyA	1	NewMolecule.A04-1	WA04_NA_LCL_polyA_1	NA	NA	#252525	NA	NA	Single high dose LCL	NewMolecule.A04.1
WA05	LCL	NA	polyA	1	NewMolecule.A05-1	WA05_NA_LCL_polyA_1	NA	NA	#252525	NA	NA	Single high dose LCL	NewMolecule.A05.1
WA06	LCL	NA	polyA	1	NewMolecule.A06-1	WA06_NA_LCL_polyA_1	NA	NA	#252525	NA	NA	Single high dose LCL	NewMolecule.A06.1
WA07	LCL	NA	polyA	1	NewMolecule.A07-1	WA07_NA_LCL_polyA_1	NA	NA	#252525	NA	NA	Single high dose LCL	NewMolecule.A07.1
WA08	LCL	NA	polyA	1	NewMolecule.A08-1	WA08_NA_LCL_polyA_1	NA	NA	#252525	NA	NA	Single high dose LCL	NewMolecule.A08.1
WA09	LCL	NA	polyA	1	NewMolecule.A09-1	WA09_NA_LCL_polyA_1	NA	NA	#252525	NA	NA	Single high dose LCL	NewMolecule.A09.1
WA10	LCL	NA	polyA	1	NewMolecule.A10-1	WA10_NA_LCL_polyA_1	NA	NA	#252525	NA	NA	Single high dose LCL	NewMolecule.A10.1
WA11	LCL	NA	polyA	1	NewMolecule.A11-1	WA11_NA_LCL_polyA_1	NA	NA	#252525	NA	NA	Single high dose LCL	NewMolecule.A11.1
WA12	LCL	NA	polyA	1	NewMolecule.A12-1	WA12_NA_LCL_polyA_1	NA	NA	#252525	NA	NA	Single high dose LCL	NewMolecule.A12.1
WB01	LCL	NA	polyA	1	NewMolecule.B01-1	WB01_NA_LCL_polyA_1	NA	NA	#252525	NA	NA	Single high dose LCL	NewMolecule.B01.1
WB02	LCL	NA	polyA	1	NewMolecule.B02-1	WB02_NA_LCL_polyA_1	NA	NA	#252525	NA	NA	Single high dose LCL	NewMolecule.B02.1
WB03	LCL	NA	polyA	1	NewMolecule.B03-1	WB03_NA_LCL_polyA_1	NA	NA	#252525	NA	NA	Single high dose LCL	NewMolecule.B03.1
WB04	LCL	NA	polyA	1	NewMolecule.B04-1	WB04_NA_LCL_polyA_1	NA	NA	#252525	NA	NA	Single high dose LCL	NewMolecule.B04.1
WB05	LCL	NA	polyA	1	NewMolecule.B05-1	WB05_NA_LCL_polyA_1	NA	NA	#252525	NA	NA	Single high dose LCL	NewMolecule.B05.1
WB06	LCL	NA	polyA	1	NewMolecule.B06-1	WB06_NA_LCL_polyA_1	NA	NA	#252525	NA	NA	Single high dose LCL	NewMolecule.B06.1
WB07	LCL	NA	polyA	1	NewMolecule.B07-1	WB07_NA_LCL_polyA_1	NA	NA	#252525	NA	NA	Single high dose LCL	NewMolecule.B07.1
WB08	LCL	NA	polyA	1	NewMolecule.B08-1	WB08_NA_LCL_polyA_1	NA	NA	#252525	NA	NA	Single high dose LCL	NewMolecule.B08.1
WB09	LCL	NA	polyA	1	NewMolecule.B09-1	WB09_NA_LCL_polyA_1	NA	NA	#252525	NA	NA	Single high dose LCL	NewMolecule.B09.1
WB10	LCL	NA	polyA	1	NewMolecule.B10-1	WB10_NA_LCL_polyA_1	NA	NA	#252525	NA	NA	Single high dose LCL	NewMolecule.B10.1
WB11	LCL	NA	polyA	1	NewMolecule.B11-1	WB11_NA_LCL_polyA_1	NA	NA	#252525	NA	NA	Single high dose LCL	NewMolecule.B11.1
WB12	LCL	NA	polyA	1	NewMolecule.B12-1	WB12_NA_LCL_polyA_1	NA	NA	#252525	NA	NA	Single high dose LCL	NewMolecule.B12.1
WC01	LCL	NA	polyA	1	NewMolecule.C01-1	WC01_NA_LCL_polyA_1	NA	NA	#252525	NA	NA	Single high dose LCL	NewMolecule.C01.1
WC02	LCL	NA	polyA	1	NewMolecule.C02-1	WC02_NA_LCL_polyA_1	NA	NA	#252525	NA	NA	Single high dose LCL	NewMolecule.C02.1
WC03	LCL	NA	polyA	1	NewMolecule.C03-1	WC03_NA_LCL_polyA_1	NA	NA	#252525	NA	NA	Single high dose LCL	NewMolecule.C03.1
WC04	LCL	NA	polyA	1	NewMolecule.C04-1	WC04_NA_LCL_polyA_1	NA	NA	#252525	NA	NA	Single high dose LCL	NewMolecule.C04.1
WC05	LCL	NA	polyA	1	NewMolecule.C05-1	WC05_NA_LCL_polyA_1	NA	NA	#252525	NA	NA	Single high dose LCL	NewMolecule.C05.1
WC06	LCL	NA	polyA	1	NewMolecule.C06-1	WC06_NA_LCL_polyA_1	NA	NA	#252525	NA	NA	Single high dose LCL	NewMolecule.C06.1
WC07	LCL	NA	polyA	1	NewMolecule.C07-1	WC07_NA_LCL_polyA_1	NA	NA	#252525	NA	NA	Single high dose LCL	NewMolecule.C07.1
WC08	LCL	NA	polyA	1	NewMolecule.C08-1	WC08_NA_LCL_polyA_1	NA	NA	#252525	NA	NA	Single high dose LCL	NewMolecule.C08.1
WC09	LCL	NA	polyA	1	NewMolecule.C09-1	WC09_NA_LCL_polyA_1	NA	NA	#252525	NA	NA	Single high dose LCL	NewMolecule.C09.1
WC10	LCL	NA	polyA	1	NewMolecule.C10-1	WC10_NA_LCL_polyA_1	NA	NA	#252525	NA	NA	Single high dose LCL	NewMolecule.C10.1
WC11	LCL	NA	polyA	1	NewMolecule.C11-1	WC11_NA_LCL_polyA_1	NA	NA	#252525	NA	NA	Single high dose LCL	NewMolecule.C11.1
WC12	LCL	NA	polyA	1	NewMolecule.C12-1	WC12_NA_LCL_polyA_1	NA	NA	#252525	NA	NA	Single high dose LCL	NewMolecule.C12.1
WD01	LCL	NA	polyA	1	NewMolecule.D01-1	WD01_NA_LCL_polyA_1	NA	NA	#252525	NA	NA	Single high dose LCL	NewMolecule.D01.1
WD02	LCL	NA	polyA	1	NewMolecule.D02-1	WD02_NA_LCL_polyA_1	NA	NA	#252525	NA	NA	Single high dose LCL	NewMolecule.D02.1
WD03	LCL	NA	polyA	1	NewMolecule.D03-1	WD03_NA_LCL_polyA_1	NA	NA	#252525	NA	NA	Single high dose LCL	NewMolecule.D03.1
WD04	LCL	NA	polyA	1	NewMolecule.D04-1	WD04_NA_LCL_polyA_1	NA	NA	#252525	NA	NA	Single high dose LCL	NewMolecule.D04.1
WD05	LCL	NA	polyA	1	NewMolecule.D05-1	WD05_NA_LCL_polyA_1	NA	NA	#252525	NA	NA	Single high dose LCL	NewMolecule.D05.1
WD06	LCL	NA	polyA	1	NewMolecule.D06-1	WD06_NA_LCL_polyA_1	NA	NA	#252525	NA	NA	Single high dose LCL	NewMolecule.D06.1
WD07	LCL	NA	polyA	1	NewMolecule.D07-1	WD07_NA_LCL_polyA_1	NA	NA	#252525	NA	NA	Single high dose LCL	NewMolecule.D07.1
WD08	LCL	NA	polyA	1	NewMolecule.D08-1	WD08_NA_LCL_polyA_1	NA	NA	#252525	NA	NA	Single high dose LCL	NewMolecule.D08.1
WD09	LCL	NA	polyA	1	NewMolecule.D09-1	WD09_NA_LCL_polyA_1	NA	NA	#252525	NA	NA	Single high dose LCL	NewMolecule.D09.1
WD10	LCL	NA	polyA	1	NewMolecule.D10-1	WD10_NA_LCL_polyA_1	NA	NA	#252525	NA	NA	Single high dose LCL	NewMolecule.D10.1
WD11	LCL	NA	polyA	1	NewMolecule.D11-1	WD11_NA_LCL_polyA_1	NA	NA	#252525	NA	NA	Single high dose LCL	NewMolecule.D11.1
WD12	LCL	NA	polyA	1	NewMolecule.D12-1	WD12_NA_LCL_polyA_1	NA	NA	#252525	NA	NA	Single high dose LCL	NewMolecule.D12.1
WE01	LCL	NA	polyA	1	NewMolecule.E01-1	WE01_NA_LCL_polyA_1	NA	NA	#252525	NA	NA	Single high dose LCL	NewMolecule.E01.1
WE02	LCL	NA	polyA	1	NewMolecule.E02-1	WE02_NA_LCL_polyA_1	NA	NA	#252525	NA	NA	Single high dose LCL	NewMolecule.E02.1
WE03	LCL	NA	polyA	1	NewMolecule.E03-1	WE03_NA_LCL_polyA_1	NA	NA	#252525	NA	NA	Single high dose LCL	NewMolecule.E03.1
WE04	LCL	NA	polyA	1	NewMolecule.E04-1	WE04_NA_LCL_polyA_1	NA	NA	#252525	NA	NA	Single high dose LCL	NewMolecule.E04.1
DMSO	LCL	NA	polyA	1	NewMolecule.E05-1	DMSO_NA_LCL_polyA_1	NA	NA	#969696	NA	NA	Single high dose LCL	NewMolecule.E05.1
DMSO	LCL	NA	polyA	2	NewMolecule.E06-2	DMSO_NA_LCL_polyA_2	NA	NA	#969696	NA	NA	Single high dose LCL	NewMolecule.E06.2
DMSO	LCL	NA	polyA	3	NewMolecule.E07-3	DMSO_NA_LCL_polyA_3	NA	NA	#969696	NA	NA	Single high dose LCL	NewMolecule.E07.3
WA01	LCL	NA	polyA	2	NewMolecule.A01-2	WA01_NA_LCL_polyA_2	NA	NA	#252525	NA	NA	Single high dose LCL	NewMolecule.A01.2
WA02	LCL	NA	polyA	2	NewMolecule.A02-2	WA02_NA_LCL_polyA_2	NA	NA	#252525	NA	NA	Single high dose LCL	NewMolecule.A02.2
WA03	LCL	NA	polyA	2	NewMolecule.A03-2	WA03_NA_LCL_polyA_2	NA	NA	#252525	NA	NA	Single high dose LCL	NewMolecule.A03.2
WA04	LCL	NA	polyA	2	NewMolecule.A04-2	WA04_NA_LCL_polyA_2	NA	NA	#252525	NA	NA	Single high dose LCL	NewMolecule.A04.2
WA05	LCL	NA	polyA	2	NewMolecule.A05-2	WA05_NA_LCL_polyA_2	NA	NA	#252525	NA	NA	Single high dose LCL	NewMolecule.A05.2
WA06	LCL	NA	polyA	2	NewMolecule.A06-2	WA06_NA_LCL_polyA_2	NA	NA	#252525	NA	NA	Single high dose LCL	NewMolecule.A06.2
WA07	LCL	NA	polyA	2	NewMolecule.A07-2	WA07_NA_LCL_polyA_2	NA	NA	#252525	NA	NA	Single high dose LCL	NewMolecule.A07.2
WA08	LCL	NA	polyA	2	NewMolecule.A08-2	WA08_NA_LCL_polyA_2	NA	NA	#252525	NA	NA	Single high dose LCL	NewMolecule.A08.2
WA09	LCL	NA	polyA	2	NewMolecule.A09-2	WA09_NA_LCL_polyA_2	NA	NA	#252525	NA	NA	Single high dose LCL	NewMolecule.A09.2
WA10	LCL	NA	polyA	2	NewMolecule.A10-2	WA10_NA_LCL_polyA_2	NA	NA	#252525	NA	NA	Single high dose LCL	NewMolecule.A10.2
WA11	LCL	NA	polyA	2	NewMolecule.A11-2	WA11_NA_LCL_polyA_2	NA	NA	#252525	NA	NA	Single high dose LCL	NewMolecule.A11.2
WA12	LCL	NA	polyA	2	NewMolecule.A12-2	WA12_NA_LCL_polyA_2	NA	NA	#252525	NA	NA	Single high dose LCL	NewMolecule.A12.2
WB01	LCL	NA	polyA	2	NewMolecule.B01-2	WB01_NA_LCL_polyA_2	NA	NA	#252525	NA	NA	Single high dose LCL	NewMolecule.B01.2
WB02	LCL	NA	polyA	2	NewMolecule.B02-2	WB02_NA_LCL_polyA_2	NA	NA	#252525	NA	NA	Single high dose LCL	NewMolecule.B02.2
WB03	LCL	NA	polyA	2	NewMolecule.B03-2	WB03_NA_LCL_polyA_2	NA	NA	#252525	NA	NA	Single high dose LCL	NewMolecule.B03.2
WB04	LCL	NA	polyA	2	NewMolecule.B04-2	WB04_NA_LCL_polyA_2	NA	NA	#252525	NA	NA	Single high dose LCL	NewMolecule.B04.2
WB05	LCL	NA	polyA	2	NewMolecule.B05-2	WB05_NA_LCL_polyA_2	NA	NA	#252525	NA	NA	Single high dose LCL	NewMolecule.B05.2
WB06	LCL	NA	polyA	2	NewMolecule.B06-2	WB06_NA_LCL_polyA_2	NA	NA	#252525	NA	NA	Single high dose LCL	NewMolecule.B06.2
WB07	LCL	NA	polyA	2	NewMolecule.B07-2	WB07_NA_LCL_polyA_2	NA	NA	#252525	NA	NA	Single high dose LCL	NewMolecule.B07.2
WB08	LCL	NA	polyA	2	NewMolecule.B08-2	WB08_NA_LCL_polyA_2	NA	NA	#252525	NA	NA	Single high dose LCL	NewMolecule.B08.2
WB09	LCL	NA	polyA	2	NewMolecule.B09-2	WB09_NA_LCL_polyA_2	NA	NA	#252525	NA	NA	Single high dose LCL	NewMolecule.B09.2
WB10	LCL	NA	polyA	2	NewMolecule.B10-2	WB10_NA_LCL_polyA_2	NA	NA	#252525	NA	NA	Single high dose LCL	NewMolecule.B10.2
WB11	LCL	NA	polyA	2	NewMolecule.B11-2	WB11_NA_LCL_polyA_2	NA	NA	#252525	NA	NA	Single high dose LCL	NewMolecule.B11.2
WB12	LCL	NA	polyA	2	NewMolecule.B12-2	WB12_NA_LCL_polyA_2	NA	NA	#252525	NA	NA	Single high dose LCL	NewMolecule.B12.2
WC01	LCL	NA	polyA	2	NewMolecule.C01-2	WC01_NA_LCL_polyA_2	NA	NA	#252525	NA	NA	Single high dose LCL	NewMolecule.C01.2
WC02	LCL	NA	polyA	2	NewMolecule.C02-2	WC02_NA_LCL_polyA_2	NA	NA	#252525	NA	NA	Single high dose LCL	NewMolecule.C02.2
WC03	LCL	NA	polyA	2	NewMolecule.C03-2	WC03_NA_LCL_polyA_2	NA	NA	#252525	NA	NA	Single high dose LCL	NewMolecule.C03.2
WC04	LCL	NA	polyA	2	NewMolecule.C04-2	WC04_NA_LCL_polyA_2	NA	NA	#252525	NA	NA	Single high dose LCL	NewMolecule.C04.2
WC05	LCL	NA	polyA	2	NewMolecule.C05-2	WC05_NA_LCL_polyA_2	NA	NA	#252525	NA	NA	Single high dose LCL	NewMolecule.C05.2
WC06	LCL	NA	polyA	2	NewMolecule.C06-2	WC06_NA_LCL_polyA_2	NA	NA	#252525	NA	NA	Single high dose LCL	NewMolecule.C06.2
WC07	LCL	NA	polyA	2	NewMolecule.C07-2	WC07_NA_LCL_polyA_2	NA	NA	#252525	NA	NA	Single high dose LCL	NewMolecule.C07.2
WC08	LCL	NA	polyA	2	NewMolecule.C08-2	WC08_NA_LCL_polyA_2	NA	NA	#252525	NA	NA	Single high dose LCL	NewMolecule.C08.2
WC09	LCL	NA	polyA	2	NewMolecule.C09-2	WC09_NA_LCL_polyA_2	NA	NA	#252525	NA	NA	Single high dose LCL	NewMolecule.C09.2
WC10	LCL	NA	polyA	2	NewMolecule.C10-2	WC10_NA_LCL_polyA_2	NA	NA	#252525	NA	NA	Single high dose LCL	NewMolecule.C10.2
WC11	LCL	NA	polyA	2	NewMolecule.C11-2	WC11_NA_LCL_polyA_2	NA	NA	#252525	NA	NA	Single high dose LCL	NewMolecule.C11.2
WC12	LCL	NA	polyA	2	NewMolecule.C12-2	WC12_NA_LCL_polyA_2	NA	NA	#252525	NA	NA	Single high dose LCL	NewMolecule.C12.2
WD01	LCL	NA	polyA	2	NewMolecule.D01-2	WD01_NA_LCL_polyA_2	NA	NA	#252525	NA	NA	Single high dose LCL	NewMolecule.D01.2
WD02	LCL	NA	polyA	2	NewMolecule.D02-2	WD02_NA_LCL_polyA_2	NA	NA	#252525	NA	NA	Single high dose LCL	NewMolecule.D02.2
WD03	LCL	NA	polyA	2	NewMolecule.D03-2	WD03_NA_LCL_polyA_2	NA	NA	#252525	NA	NA	Single high dose LCL	NewMolecule.D03.2
WD04	LCL	NA	polyA	2	NewMolecule.D04-2	WD04_NA_LCL_polyA_2	NA	NA	#252525	NA	NA	Single high dose LCL	NewMolecule.D04.2
WD05	LCL	NA	polyA	2	NewMolecule.D05-2	WD05_NA_LCL_polyA_2	NA	NA	#252525	NA	NA	Single high dose LCL	NewMolecule.D05.2
WD06	LCL	NA	polyA	2	NewMolecule.D06-2	WD06_NA_LCL_polyA_2	NA	NA	#252525	NA	NA	Single high dose LCL	NewMolecule.D06.2
WD07	LCL	NA	polyA	2	NewMolecule.D07-2	WD07_NA_LCL_polyA_2	NA	NA	#252525	NA	NA	Single high dose LCL	NewMolecule.D07.2
WD08	LCL	NA	polyA	2	NewMolecule.D08-2	WD08_NA_LCL_polyA_2	NA	NA	#252525	NA	NA	Single high dose LCL	NewMolecule.D08.2
WD09	LCL	NA	polyA	2	NewMolecule.D09-2	WD09_NA_LCL_polyA_2	NA	NA	#252525	NA	NA	Single high dose LCL	NewMolecule.D09.2
WD10	LCL	NA	polyA	2	NewMolecule.D10-2	WD10_NA_LCL_polyA_2	NA	NA	#252525	NA	NA	Single high dose LCL	NewMolecule.D10.2
WD11	LCL	NA	polyA	2	NewMolecule.D11-2	WD11_NA_LCL_polyA_2	NA	NA	#252525	NA	NA	Single high dose LCL	NewMolecule.D11.2
WD12	LCL	NA	polyA	2	NewMolecule.D12-2	WD12_NA_LCL_polyA_2	NA	NA	#252525	NA	NA	Single high dose LCL	NewMolecule.D12.2
WE01	LCL	NA	polyA	2	NewMolecule.E01-2	WE01_NA_LCL_polyA_2	NA	NA	#252525	NA	NA	Single high dose LCL	NewMolecule.E01.2
WE02	LCL	NA	polyA	2	NewMolecule.E02-2	WE02_NA_LCL_polyA_2	NA	NA	#252525	NA	NA	Single high dose LCL	NewMolecule.E02.2
WE03	LCL	NA	polyA	2	NewMolecule.E03-2	WE03_NA_LCL_polyA_2	NA	NA	#252525	NA	NA	Single high dose LCL	NewMolecule.E03.2
WE04	LCL	NA	polyA	2	NewMolecule.E04-2	WE04_NA_LCL_polyA_2	NA	NA	#252525	NA	NA	Single high dose LCL	NewMolecule.E04.2
DMSO	LCL	NA	polyA	4	NewMolecule.E05-4	DMSO_NA_LCL_polyA_4	NA	NA	#969696	NA	NA	Single high dose LCL	NewMolecule.E05.4
DMSO	LCL	NA	polyA	5	NewMolecule.E06-5	DMSO_NA_LCL_polyA_5	NA	NA	#969696	NA	NA	Single high dose LCL	NewMolecule.E06.5
DMSO	LCL	NA	polyA	6	NewMolecule.E07-6	DMSO_NA_LCL_polyA_6	NA	NA	#969696	NA	NA	Single high dose LCL	NewMolecule.E07.6
A10	Fibroblast	NA	polyA	1	A10-1	A10_NA_Fibroblast_polyA_1	/project2/yangili1/bjf79/20211209_JingxinRNAseq/code/bigwigs/unstranded/A10-1.bw	A10_NA_Fibroblast_polyA_u	#7fc97f	/project2/yangili1/bjf79/20211209_JingxinRNAseq/code/SplicingAnalysis/leafcutter_all_samples/PSI.table.bed.gz	A10_NA_Fibroblast_polyA_u	Single high dose fibroblast	A10.1
A10	Fibroblast	NA	polyA	2	A10-2	A10_NA_Fibroblast_polyA_2	/project2/yangili1/bjf79/20211209_JingxinRNAseq/code/bigwigs/unstranded/A10-2.bw	A10_NA_Fibroblast_polyA_u	#7fc97f	/project2/yangili1/bjf79/20211209_JingxinRNAseq/code/SplicingAnalysis/leafcutter_all_samples/PSI.table.bed.gz	A10_NA_Fibroblast_polyA_u	Single high dose fibroblast	A10.2
A10	Fibroblast	NA	polyA	3	A10-3	A10_NA_Fibroblast_polyA_3	/project2/yangili1/bjf79/20211209_JingxinRNAseq/code/bigwigs/unstranded/A10-3.bw	A10_NA_Fibroblast_polyA_u	#7fc97f	/project2/yangili1/bjf79/20211209_JingxinRNAseq/code/SplicingAnalysis/leafcutter_all_samples/PSI.table.bed.gz	A10_NA_Fibroblast_polyA_u	Single high dose fibroblast	A10.3
C2	Fibroblast	NA	polyA	1	C2-1	C2_NA_Fibroblast_polyA_1	/project2/yangili1/bjf79/20211209_JingxinRNAseq/code/bigwigs/unstranded/C2-1.bw	C2_NA_Fibroblast_polyA_u	#beaed4	/project2/yangili1/bjf79/20211209_JingxinRNAseq/code/SplicingAnalysis/leafcutter_all_samples/PSI.table.bed.gz	C2_NA_Fibroblast_polyA_u	Single high dose fibroblast	C2.1
C2	Fibroblast	NA	polyA	2	C2-2	C2_NA_Fibroblast_polyA_2	/project2/yangili1/bjf79/20211209_JingxinRNAseq/code/bigwigs/unstranded/C2-2.bw	C2_NA_Fibroblast_polyA_u	#beaed4	/project2/yangili1/bjf79/20211209_JingxinRNAseq/code/SplicingAnalysis/leafcutter_all_samples/PSI.table.bed.gz	C2_NA_Fibroblast_polyA_u	Single high dose fibroblast	C2.2
C2	Fibroblast	NA	polyA	3	C2-3	C2_NA_Fibroblast_polyA_3	/project2/yangili1/bjf79/20211209_JingxinRNAseq/code/bigwigs/unstranded/C2-3.bw	C2_NA_Fibroblast_polyA_u	#beaed4	/project2/yangili1/bjf79/20211209_JingxinRNAseq/code/SplicingAnalysis/leafcutter_all_samples/PSI.table.bed.gz	C2_NA_Fibroblast_polyA_u	Single high dose fibroblast	C2.3
Risdiplam	LCL	3160	chRNA	1	chRNA_10	Risdiplam_3160_LCL_chRNA_1	/project2/yangili1/bjf79/20211209_JingxinRNAseq/code/bigwigs/unstranded/chRNA_10.bw	Risdiplam_3160_LCL_chRNA_u	#2171B5	/project2/yangili1/bjf79/20211209_JingxinRNAseq/code/SplicingAnalysis/leafcutter_all_samples/PSI.table.bed.gz	Risdiplam_LCL_chRNA_u	nascent RNA profiling	chRNA_10
Risdiplam	LCL	3160	chRNA	2	chRNA_11	Risdiplam_3160_LCL_chRNA_2	/project2/yangili1/bjf79/20211209_JingxinRNAseq/code/bigwigs/unstranded/chRNA_11.bw	Risdiplam_3160_LCL_chRNA_u	#2171B5	/project2/yangili1/bjf79/20211209_JingxinRNAseq/code/SplicingAnalysis/leafcutter_all_samples/PSI.table.bed.gz	Risdiplam_LCL_chRNA_u	nascent RNA profiling	chRNA_11
Risdiplam	LCL	3160	chRNA	3	chRNA_12	Risdiplam_3160_LCL_chRNA_3	/project2/yangili1/bjf79/20211209_JingxinRNAseq/code/bigwigs/unstranded/chRNA_12.bw	Risdiplam_3160_LCL_chRNA_u	#2171B5	/project2/yangili1/bjf79/20211209_JingxinRNAseq/code/SplicingAnalysis/leafcutter_all_samples/PSI.table.bed.gz	Risdiplam_LCL_chRNA_u	nascent RNA profiling	chRNA_12
Risdiplam	LCL	100	chRNA	1	chRNA_13	Risdiplam_100_LCL_chRNA_1	/project2/yangili1/bjf79/20211209_JingxinRNAseq/code/bigwigs/unstranded/chRNA_13.bw	Risdiplam_100_LCL_chRNA_u	#9ECAE1	/project2/yangili1/bjf79/20211209_JingxinRNAseq/code/SplicingAnalysis/leafcutter_all_samples/PSI.table.bed.gz	Risdiplam_LCL_chRNA_u	nascent RNA profiling	chRNA_13
Risdiplam	LCL	100	chRNA	2	chRNA_14	Risdiplam_100_LCL_chRNA_2	/project2/yangili1/bjf79/20211209_JingxinRNAseq/code/bigwigs/unstranded/chRNA_14.bw	Risdiplam_100_LCL_chRNA_u	#9ECAE1	/project2/yangili1/bjf79/20211209_JingxinRNAseq/code/SplicingAnalysis/leafcutter_all_samples/PSI.table.bed.gz	Risdiplam_LCL_chRNA_u	nascent RNA profiling	chRNA_14
Risdiplam	LCL	100	chRNA	3	chRNA_15	Risdiplam_100_LCL_chRNA_3	/project2/yangili1/bjf79/20211209_JingxinRNAseq/code/bigwigs/unstranded/chRNA_15.bw	Risdiplam_100_LCL_chRNA_u	#9ECAE1	/project2/yangili1/bjf79/20211209_JingxinRNAseq/code/SplicingAnalysis/leafcutter_all_samples/PSI.table.bed.gz	Risdiplam_LCL_chRNA_u	nascent RNA profiling	chRNA_15
Branaplam	LCL	1000	chRNA	1	chRNA_16	Branaplam_1000_LCL_chRNA_1	/project2/yangili1/bjf79/20211209_JingxinRNAseq/code/bigwigs/unstranded/chRNA_16.bw	Branaplam_1000_LCL_chRNA_u	#238B45	/project2/yangili1/bjf79/20211209_JingxinRNAseq/code/SplicingAnalysis/leafcutter_all_samples/PSI.table.bed.gz	Branaplam_LCL_chRNA_u	nascent RNA profiling	chRNA_16
Branaplam	LCL	1000	chRNA	2	chRNA_17	Branaplam_1000_LCL_chRNA_2	/project2/yangili1/bjf79/20211209_JingxinRNAseq/code/bigwigs/unstranded/chRNA_17.bw	Branaplam_1000_LCL_chRNA_u	#238B45	/project2/yangili1/bjf79/20211209_JingxinRNAseq/code/SplicingAnalysis/leafcutter_all_samples/PSI.table.bed.gz	Branaplam_LCL_chRNA_u	nascent RNA profiling	chRNA_17
Branaplam	LCL	1000	chRNA	3	chRNA_18	Branaplam_1000_LCL_chRNA_3	/project2/yangili1/bjf79/20211209_JingxinRNAseq/code/bigwigs/unstranded/chRNA_18.bw	Branaplam_1000_LCL_chRNA_u	#238B45	/project2/yangili1/bjf79/20211209_JingxinRNAseq/code/SplicingAnalysis/leafcutter_all_samples/PSI.table.bed.gz	Branaplam_LCL_chRNA_u	nascent RNA profiling	chRNA_18
Branaplam	LCL	31.6	chRNA	1	chRNA_19	Branaplam_31.6_LCL_chRNA_1	/project2/yangili1/bjf79/20211209_JingxinRNAseq/code/bigwigs/unstranded/chRNA_19.bw	Branaplam_31.6_LCL_chRNA_u	#A1D99B	/project2/yangili1/bjf79/20211209_JingxinRNAseq/code/SplicingAnalysis/leafcutter_all_samples/PSI.table.bed.gz	Branaplam_LCL_chRNA_u	nascent RNA profiling	chRNA_19
DMSO	LCL	NA	chRNA	1	chRNA_1	DMSO_NA_LCL_chRNA_1	/project2/yangili1/bjf79/20211209_JingxinRNAseq/code/bigwigs/unstranded/chRNA_1.bw	DMSO_NA_LCL_chRNA_u	#969696	/project2/yangili1/bjf79/20211209_JingxinRNAseq/code/SplicingAnalysis/leafcutter_all_samples/PSI.table.bed.gz	DMSO_LCL_chRNA_u	nascent RNA profiling	chRNA_1
Branaplam	LCL	31.6	chRNA	2	chRNA_20	Branaplam_31.6_LCL_chRNA_2	/project2/yangili1/bjf79/20211209_JingxinRNAseq/code/bigwigs/unstranded/chRNA_20.bw	Branaplam_31.6_LCL_chRNA_u	#A1D99B	/project2/yangili1/bjf79/20211209_JingxinRNAseq/code/SplicingAnalysis/leafcutter_all_samples/PSI.table.bed.gz	Branaplam_LCL_chRNA_u	nascent RNA profiling	chRNA_20
Branaplam	LCL	31.6	chRNA	3	chRNA_21	Branaplam_31.6_LCL_chRNA_3	/project2/yangili1/bjf79/20211209_JingxinRNAseq/code/bigwigs/unstranded/chRNA_21.bw	Branaplam_31.6_LCL_chRNA_u	#A1D99B	/project2/yangili1/bjf79/20211209_JingxinRNAseq/code/SplicingAnalysis/leafcutter_all_samples/PSI.table.bed.gz	Branaplam_LCL_chRNA_u	nascent RNA profiling	chRNA_21
DMSO	LCL	NA	chRNA	2	chRNA_2	DMSO_NA_LCL_chRNA_2	/project2/yangili1/bjf79/20211209_JingxinRNAseq/code/bigwigs/unstranded/chRNA_2.bw	DMSO_NA_LCL_chRNA_u	#969696	/project2/yangili1/bjf79/20211209_JingxinRNAseq/code/SplicingAnalysis/leafcutter_all_samples/PSI.table.bed.gz	DMSO_LCL_chRNA_u	nascent RNA profiling	chRNA_2
DMSO	LCL	NA	chRNA	3	chRNA_3	DMSO_NA_LCL_chRNA_3	/project2/yangili1/bjf79/20211209_JingxinRNAseq/code/bigwigs/unstranded/chRNA_3.bw	DMSO_NA_LCL_chRNA_u	#969696	/project2/yangili1/bjf79/20211209_JingxinRNAseq/code/SplicingAnalysis/leafcutter_all_samples/PSI.table.bed.gz	DMSO_LCL_chRNA_u	nascent RNA profiling	chRNA_3
C2C5	LCL	316	chRNA	1	chRNA_4	C2C5_316_LCL_chRNA_1	/project2/yangili1/bjf79/20211209_JingxinRNAseq/code/bigwigs/unstranded/chRNA_4.bw	C2C5_316_LCL_chRNA_u	#6A51A3	/project2/yangili1/bjf79/20211209_JingxinRNAseq/code/SplicingAnalysis/leafcutter_all_samples/PSI.table.bed.gz	C2C5_LCL_chRNA_u	nascent RNA profiling	chRNA_4
C2C5	LCL	316	chRNA	2	chRNA_5	C2C5_316_LCL_chRNA_2	/project2/yangili1/bjf79/20211209_JingxinRNAseq/code/bigwigs/unstranded/chRNA_5.bw	C2C5_316_LCL_chRNA_u	#6A51A3	/project2/yangili1/bjf79/20211209_JingxinRNAseq/code/SplicingAnalysis/leafcutter_all_samples/PSI.table.bed.gz	C2C5_LCL_chRNA_u	nascent RNA profiling	chRNA_5
C2C5	LCL	316	chRNA	3	chRNA_6	C2C5_316_LCL_chRNA_3	/project2/yangili1/bjf79/20211209_JingxinRNAseq/code/bigwigs/unstranded/chRNA_6.bw	C2C5_316_LCL_chRNA_u	#6A51A3	/project2/yangili1/bjf79/20211209_JingxinRNAseq/code/SplicingAnalysis/leafcutter_all_samples/PSI.table.bed.gz	C2C5_LCL_chRNA_u	nascent RNA profiling	chRNA_6
C2C5	LCL	10	chRNA	1	chRNA_7	C2C5_10_LCL_chRNA_1	/project2/yangili1/bjf79/20211209_JingxinRNAseq/code/bigwigs/unstranded/chRNA_7.bw	C2C5_10_LCL_chRNA_u	#BCBDDC	/project2/yangili1/bjf79/20211209_JingxinRNAseq/code/SplicingAnalysis/leafcutter_all_samples/PSI.table.bed.gz	C2C5_LCL_chRNA_u	nascent RNA profiling	chRNA_7
C2C5	LCL	10	chRNA	2	chRNA_8	C2C5_10_LCL_chRNA_2	/project2/yangili1/bjf79/20211209_JingxinRNAseq/code/bigwigs/unstranded/chRNA_8.bw	C2C5_10_LCL_chRNA_u	#BCBDDC	/project2/yangili1/bjf79/20211209_JingxinRNAseq/code/SplicingAnalysis/leafcutter_all_samples/PSI.table.bed.gz	C2C5_LCL_chRNA_u	nascent RNA profiling	chRNA_8
C2C5	LCL	10	chRNA	3	chRNA_9	C2C5_10_LCL_chRNA_3	/project2/yangili1/bjf79/20211209_JingxinRNAseq/code/bigwigs/unstranded/chRNA_9.bw	C2C5_10_LCL_chRNA_u	#BCBDDC	/project2/yangili1/bjf79/20211209_JingxinRNAseq/code/SplicingAnalysis/leafcutter_all_samples/PSI.table.bed.gz	C2C5_LCL_chRNA_u	nascent RNA profiling	chRNA_9
CUOME	Fibroblast	NA	polyA	1	CUOME-1	CUOME_NA_Fibroblast_polyA_1	/project2/yangili1/bjf79/20211209_JingxinRNAseq/code/bigwigs/unstranded/CUOME-1.bw	CUOME_NA_Fibroblast_polyA_u	#fdc086	/project2/yangili1/bjf79/20211209_JingxinRNAseq/code/SplicingAnalysis/leafcutter_all_samples/PSI.table.bed.gz	CUOME_NA_Fibroblast_polyA_u	Single high dose fibroblast	CUOME.1
CUOME	Fibroblast	NA	polyA	2	CUOME-2	CUOME_NA_Fibroblast_polyA_2	/project2/yangili1/bjf79/20211209_JingxinRNAseq/code/bigwigs/unstranded/CUOME-2.bw	CUOME_NA_Fibroblast_polyA_u	#fdc086	/project2/yangili1/bjf79/20211209_JingxinRNAseq/code/SplicingAnalysis/leafcutter_all_samples/PSI.table.bed.gz	CUOME_NA_Fibroblast_polyA_u	Single high dose fibroblast	CUOME.2
CUOME	Fibroblast	NA	polyA	3	CUOME-3	CUOME_NA_Fibroblast_polyA_3	/project2/yangili1/bjf79/20211209_JingxinRNAseq/code/bigwigs/unstranded/CUOME-3.bw	CUOME_NA_Fibroblast_polyA_u	#fdc086	/project2/yangili1/bjf79/20211209_JingxinRNAseq/code/SplicingAnalysis/leafcutter_all_samples/PSI.table.bed.gz	CUOME_NA_Fibroblast_polyA_u	Single high dose fibroblast	CUOME.3
DMSO	Fibroblast	NA	polyA	1	DMSO-1	DMSO_NA_Fibroblast_polyA_1	/project2/yangili1/bjf79/20211209_JingxinRNAseq/code/bigwigs/unstranded/DMSO-1.bw	DMSO_NA_Fibroblast_polyA_u	#969696	/project2/yangili1/bjf79/20211209_JingxinRNAseq/code/SplicingAnalysis/leafcutter_all_samples/PSI.table.bed.gz	DMSO_NA_Fibroblast_polyA_u	Single high dose fibroblast	DMSO.1
DMSO	Fibroblast	NA	polyA	2	DMSO-2	DMSO_NA_Fibroblast_polyA_2	/project2/yangili1/bjf79/20211209_JingxinRNAseq/code/bigwigs/unstranded/DMSO-2.bw	DMSO_NA_Fibroblast_polyA_u	#969696	/project2/yangili1/bjf79/20211209_JingxinRNAseq/code/SplicingAnalysis/leafcutter_all_samples/PSI.table.bed.gz	DMSO_NA_Fibroblast_polyA_u	Single high dose fibroblast	DMSO.2
DMSO	Fibroblast	NA	polyA	3	DMSO-3	DMSO_NA_Fibroblast_polyA_3	/project2/yangili1/bjf79/20211209_JingxinRNAseq/code/bigwigs/unstranded/DMSO-3.bw	DMSO_NA_Fibroblast_polyA_u	#969696	/project2/yangili1/bjf79/20211209_JingxinRNAseq/code/SplicingAnalysis/leafcutter_all_samples/PSI.table.bed.gz	DMSO_NA_Fibroblast_polyA_u	Single high dose fibroblast	DMSO.3
SM2	Fibroblast	NA	polyA	1	SM2-1	SM2_NA_Fibroblast_polyA_1	/project2/yangili1/bjf79/20211209_JingxinRNAseq/code/bigwigs/unstranded/SM2-1.bw	SM2_NA_Fibroblast_polyA_u	#ffff99	/project2/yangili1/bjf79/20211209_JingxinRNAseq/code/SplicingAnalysis/leafcutter_all_samples/PSI.table.bed.gz	SM2_NA_Fibroblast_polyA_u	Single high dose fibroblast	SM2.1
SM2	Fibroblast	NA	polyA	2	SM2-2	SM2_NA_Fibroblast_polyA_2	/project2/yangili1/bjf79/20211209_JingxinRNAseq/code/bigwigs/unstranded/SM2-2.bw	SM2_NA_Fibroblast_polyA_u	#ffff99	/project2/yangili1/bjf79/20211209_JingxinRNAseq/code/SplicingAnalysis/leafcutter_all_samples/PSI.table.bed.gz	SM2_NA_Fibroblast_polyA_u	Single high dose fibroblast	SM2.2
SM2	Fibroblast	NA	polyA	3	SM2-3	SM2_NA_Fibroblast_polyA_3	/project2/yangili1/bjf79/20211209_JingxinRNAseq/code/bigwigs/unstranded/SM2-3.bw	SM2_NA_Fibroblast_polyA_u	#ffff99	/project2/yangili1/bjf79/20211209_JingxinRNAseq/code/SplicingAnalysis/leafcutter_all_samples/PSI.table.bed.gz	SM2_NA_Fibroblast_polyA_u	Single high dose fibroblast	SM2.3
Branaplam	LCL	3160	polyA	1	TitrationExpBran-1	Branaplam_3160_LCL_polyA_1	/project2/yangili1/bjf79/20211209_JingxinRNAseq/code/bigwigs/unstranded/TitrationExpBran-1.bw	Branaplam_3160_LCL_polyA_u	#005A32	/project2/yangili1/bjf79/20211209_JingxinRNAseq/code/SplicingAnalysis/leafcutter_all_samples/PSI.table.bed.gz	Branaplam_LCL_polyA_u	Dose response titration	TitrationExpBran.1
Branaplam	LCL	1000	polyA	1	TitrationExpBran-2	Branaplam_1000_LCL_polyA_1	/project2/yangili1/bjf79/20211209_JingxinRNAseq/code/bigwigs/unstranded/TitrationExpBran-2.bw	Branaplam_1000_LCL_polyA_u	#238B45	/project2/yangili1/bjf79/20211209_JingxinRNAseq/code/SplicingAnalysis/leafcutter_all_samples/PSI.table.bed.gz	Branaplam_LCL_polyA_u	Dose response titration	TitrationExpBran.2
Branaplam	LCL	316	polyA	1	TitrationExpBran-3	Branaplam_316_LCL_polyA_1	/project2/yangili1/bjf79/20211209_JingxinRNAseq/code/bigwigs/unstranded/TitrationExpBran-3.bw	Branaplam_316_LCL_polyA_u	#41AB5D	/project2/yangili1/bjf79/20211209_JingxinRNAseq/code/SplicingAnalysis/leafcutter_all_samples/PSI.table.bed.gz	Branaplam_LCL_polyA_u	Dose response titration	TitrationExpBran.3
Branaplam	LCL	100	polyA	1	TitrationExpBran-4	Branaplam_100_LCL_polyA_1	/project2/yangili1/bjf79/20211209_JingxinRNAseq/code/bigwigs/unstranded/TitrationExpBran-4.bw	Branaplam_100_LCL_polyA_u	#74C476	/project2/yangili1/bjf79/20211209_JingxinRNAseq/code/SplicingAnalysis/leafcutter_all_samples/PSI.table.bed.gz	Branaplam_LCL_polyA_u	Dose response titration	TitrationExpBran.4
Branaplam	LCL	31.6	polyA	1	TitrationExpBran-5	Branaplam_31.6_LCL_polyA_1	/project2/yangili1/bjf79/20211209_JingxinRNAseq/code/bigwigs/unstranded/TitrationExpBran-5.bw	Branaplam_31.6_LCL_polyA_u	#A1D99B	/project2/yangili1/bjf79/20211209_JingxinRNAseq/code/SplicingAnalysis/leafcutter_all_samples/PSI.table.bed.gz	Branaplam_LCL_polyA_u	Dose response titration	TitrationExpBran.5
Branaplam	LCL	10	polyA	1	TitrationExpBran-6	Branaplam_10_LCL_polyA_1	/project2/yangili1/bjf79/20211209_JingxinRNAseq/code/bigwigs/unstranded/TitrationExpBran-6.bw	Branaplam_10_LCL_polyA_u	#C7E9C0	/project2/yangili1/bjf79/20211209_JingxinRNAseq/code/SplicingAnalysis/leafcutter_all_samples/PSI.table.bed.gz	Branaplam_LCL_polyA_u	Dose response titration	TitrationExpBran.6
Branaplam	LCL	3.16	polyA	1	TitrationExpBran-7	Branaplam_3.16_LCL_polyA_1	/project2/yangili1/bjf79/20211209_JingxinRNAseq/code/bigwigs/unstranded/TitrationExpBran-7.bw	Branaplam_3.16_LCL_polyA_u	#E5F5E0	/project2/yangili1/bjf79/20211209_JingxinRNAseq/code/SplicingAnalysis/leafcutter_all_samples/PSI.table.bed.gz	Branaplam_LCL_polyA_u	Dose response titration	TitrationExpBran.7
Branaplam	LCL	1	polyA	1	TitrationExpBran-8	Branaplam_1_LCL_polyA_1	/project2/yangili1/bjf79/20211209_JingxinRNAseq/code/bigwigs/unstranded/TitrationExpBran-8.bw	Branaplam_1_LCL_polyA_u	#F7FCF5	/project2/yangili1/bjf79/20211209_JingxinRNAseq/code/SplicingAnalysis/leafcutter_all_samples/PSI.table.bed.gz	Branaplam_LCL_polyA_u	Dose response titration	TitrationExpBran.8
C2C5	LCL	1000	polyA	1	TitrationExpC2C5-1	C2C5_1000_LCL_polyA_1	/project2/yangili1/bjf79/20211209_JingxinRNAseq/code/bigwigs/unstranded/TitrationExpC2C5-1.bw	C2C5_1000_LCL_polyA_u	#4A1486	/project2/yangili1/bjf79/20211209_JingxinRNAseq/code/SplicingAnalysis/leafcutter_all_samples/PSI.table.bed.gz	C2C5_LCL_polyA_u	Dose response titration	TitrationExpC2C5.1
C2C5	LCL	316	polyA	1	TitrationExpC2C5-2	C2C5_316_LCL_polyA_1	/project2/yangili1/bjf79/20211209_JingxinRNAseq/code/bigwigs/unstranded/TitrationExpC2C5-2.bw	C2C5_316_LCL_polyA_u	#6A51A3	/project2/yangili1/bjf79/20211209_JingxinRNAseq/code/SplicingAnalysis/leafcutter_all_samples/PSI.table.bed.gz	C2C5_LCL_polyA_u	Dose response titration	TitrationExpC2C5.2
C2C5	LCL	100	polyA	1	TitrationExpC2C5-3	C2C5_100_LCL_polyA_1	/project2/yangili1/bjf79/20211209_JingxinRNAseq/code/bigwigs/unstranded/TitrationExpC2C5-3.bw	C2C5_100_LCL_polyA_u	#807DBA	/project2/yangili1/bjf79/20211209_JingxinRNAseq/code/SplicingAnalysis/leafcutter_all_samples/PSI.table.bed.gz	C2C5_LCL_polyA_u	Dose response titration	TitrationExpC2C5.3
C2C5	LCL	31.6	polyA	1	TitrationExpC2C5-4	C2C5_31.6_LCL_polyA_1	/project2/yangili1/bjf79/20211209_JingxinRNAseq/code/bigwigs/unstranded/TitrationExpC2C5-4.bw	C2C5_31.6_LCL_polyA_u	#9E9AC8	/project2/yangili1/bjf79/20211209_JingxinRNAseq/code/SplicingAnalysis/leafcutter_all_samples/PSI.table.bed.gz	C2C5_LCL_polyA_u	Dose response titration	TitrationExpC2C5.4
C2C5	LCL	10	polyA	1	TitrationExpC2C5-5	C2C5_10_LCL_polyA_1	/project2/yangili1/bjf79/20211209_JingxinRNAseq/code/bigwigs/unstranded/TitrationExpC2C5-5.bw	C2C5_10_LCL_polyA_u	#BCBDDC	/project2/yangili1/bjf79/20211209_JingxinRNAseq/code/SplicingAnalysis/leafcutter_all_samples/PSI.table.bed.gz	C2C5_LCL_polyA_u	Dose response titration	TitrationExpC2C5.5
C2C5	LCL	3.16	polyA	1	TitrationExpC2C5-6	C2C5_3.16_LCL_polyA_1	/project2/yangili1/bjf79/20211209_JingxinRNAseq/code/bigwigs/unstranded/TitrationExpC2C5-6.bw	C2C5_3.16_LCL_polyA_u	#DADAEB	/project2/yangili1/bjf79/20211209_JingxinRNAseq/code/SplicingAnalysis/leafcutter_all_samples/PSI.table.bed.gz	C2C5_LCL_polyA_u	Dose response titration	TitrationExpC2C5.6
C2C5	LCL	1	polyA	1	TitrationExpC2C5-7	C2C5_1_LCL_polyA_1	/project2/yangili1/bjf79/20211209_JingxinRNAseq/code/bigwigs/unstranded/TitrationExpC2C5-7.bw	C2C5_1_LCL_polyA_u	#EFEDF5	/project2/yangili1/bjf79/20211209_JingxinRNAseq/code/SplicingAnalysis/leafcutter_all_samples/PSI.table.bed.gz	C2C5_LCL_polyA_u	Dose response titration	TitrationExpC2C5.7
C2C5	LCL	0.316	polyA	1	TitrationExpC2C5-8	C2C5_0.316_LCL_polyA_1	/project2/yangili1/bjf79/20211209_JingxinRNAseq/code/bigwigs/unstranded/TitrationExpC2C5-8.bw	C2C5_0.316_LCL_polyA_u	#FCFBFD	/project2/yangili1/bjf79/20211209_JingxinRNAseq/code/SplicingAnalysis/leafcutter_all_samples/PSI.table.bed.gz	C2C5_LCL_polyA_u	Dose response titration	TitrationExpC2C5.8
DMSO	LCL	NA	polyA	1	TitrationExpDMSO-1	DMSO_NA_LCL_polyA_1	/project2/yangili1/bjf79/20211209_JingxinRNAseq/code/bigwigs/unstranded/TitrationExpDMSO-1.bw	DMSO_NA_LCL_polyA_u	#969696	/project2/yangili1/bjf79/20211209_JingxinRNAseq/code/SplicingAnalysis/leafcutter_all_samples/PSI.table.bed.gz	DMSO_LCL_polyA_u	Dose response titration	TitrationExpDMSO.1
DMSO	LCL	NA	polyA	2	TitrationExpDMSO-2	DMSO_NA_LCL_polyA_2	/project2/yangili1/bjf79/20211209_JingxinRNAseq/code/bigwigs/unstranded/TitrationExpDMSO-2.bw	DMSO_NA_LCL_polyA_u	#969696	/project2/yangili1/bjf79/20211209_JingxinRNAseq/code/SplicingAnalysis/leafcutter_all_samples/PSI.table.bed.gz	DMSO_LCL_polyA_u	Dose response titration	TitrationExpDMSO.2
DMSO	LCL	NA	polyA	3	TitrationExpDMSO-3	DMSO_NA_LCL_polyA_3	/project2/yangili1/bjf79/20211209_JingxinRNAseq/code/bigwigs/unstranded/TitrationExpDMSO-3.bw	DMSO_NA_LCL_polyA_u	#969696	/project2/yangili1/bjf79/20211209_JingxinRNAseq/code/SplicingAnalysis/leafcutter_all_samples/PSI.table.bed.gz	DMSO_LCL_polyA_u	Dose response titration	TitrationExpDMSO.3
Risdiplam	LCL	10000	polyA	1	TitrationExpRis-1	Risdiplam_10000_LCL_polyA_1	/project2/yangili1/bjf79/20211209_JingxinRNAseq/code/bigwigs/unstranded/TitrationExpRis-1.bw	Risdiplam_10000_LCL_polyA_u	#084594	/project2/yangili1/bjf79/20211209_JingxinRNAseq/code/SplicingAnalysis/leafcutter_all_samples/PSI.table.bed.gz	Risdiplam_LCL_polyA_u	Dose response titration	TitrationExpRis.1
Risdiplam	LCL	3160	polyA	1	TitrationExpRis-2	Risdiplam_3160_LCL_polyA_1	/project2/yangili1/bjf79/20211209_JingxinRNAseq/code/bigwigs/unstranded/TitrationExpRis-2.bw	Risdiplam_3160_LCL_polyA_u	#2171B5	/project2/yangili1/bjf79/20211209_JingxinRNAseq/code/SplicingAnalysis/leafcutter_all_samples/PSI.table.bed.gz	Risdiplam_LCL_polyA_u	Dose response titration	TitrationExpRis.2
Risdiplam	LCL	1000	polyA	1	TitrationExpRis-3	Risdiplam_1000_LCL_polyA_1	/project2/yangili1/bjf79/20211209_JingxinRNAseq/code/bigwigs/unstranded/TitrationExpRis-3.bw	Risdiplam_1000_LCL_polyA_u	#4292C6	/project2/yangili1/bjf79/20211209_JingxinRNAseq/code/SplicingAnalysis/leafcutter_all_samples/PSI.table.bed.gz	Risdiplam_LCL_polyA_u	Dose response titration	TitrationExpRis.3
Risdiplam	LCL	316	polyA	1	TitrationExpRis-4	Risdiplam_316_LCL_polyA_1	/project2/yangili1/bjf79/20211209_JingxinRNAseq/code/bigwigs/unstranded/TitrationExpRis-4.bw	Risdiplam_316_LCL_polyA_u	#6BAED6	/project2/yangili1/bjf79/20211209_JingxinRNAseq/code/SplicingAnalysis/leafcutter_all_samples/PSI.table.bed.gz	Risdiplam_LCL_polyA_u	Dose response titration	TitrationExpRis.4
Risdiplam	LCL	100	polyA	1	TitrationExpRis-5	Risdiplam_100_LCL_polyA_1	/project2/yangili1/bjf79/20211209_JingxinRNAseq/code/bigwigs/unstranded/TitrationExpRis-5.bw	Risdiplam_100_LCL_polyA_u	#9ECAE1	/project2/yangili1/bjf79/20211209_JingxinRNAseq/code/SplicingAnalysis/leafcutter_all_samples/PSI.table.bed.gz	Risdiplam_LCL_polyA_u	Dose response titration	TitrationExpRis.5
Risdiplam	LCL	31.6	polyA	1	TitrationExpRis-6	Risdiplam_31.6_LCL_polyA_1	/project2/yangili1/bjf79/20211209_JingxinRNAseq/code/bigwigs/unstranded/TitrationExpRis-6.bw	Risdiplam_31.6_LCL_polyA_u	#C6DBEF	/project2/yangili1/bjf79/20211209_JingxinRNAseq/code/SplicingAnalysis/leafcutter_all_samples/PSI.table.bed.gz	Risdiplam_LCL_polyA_u	Dose response titration	TitrationExpRis.6
Risdiplam	LCL	10	polyA	1	TitrationExpRis-7	Risdiplam_10_LCL_polyA_1	/project2/yangili1/bjf79/20211209_JingxinRNAseq/code/bigwigs/unstranded/TitrationExpRis-7.bw	Risdiplam_10_LCL_polyA_u	#DEEBF7	/project2/yangili1/bjf79/20211209_JingxinRNAseq/code/SplicingAnalysis/leafcutter_all_samples/PSI.table.bed.gz	Risdiplam_LCL_polyA_u	Dose response titration	TitrationExpRis.7
Risdiplam	LCL	3.16	polyA	1	TitrationExpRis-8	Risdiplam_3.16_LCL_polyA_1	/project2/yangili1/bjf79/20211209_JingxinRNAseq/code/bigwigs/unstranded/TitrationExpRis-8.bw	Risdiplam_3.16_LCL_polyA_u	#F7FBFF	/project2/yangili1/bjf79/20211209_JingxinRNAseq/code/SplicingAnalysis/leafcutter_all_samples/PSI.table.bed.gz	Risdiplam_LCL_polyA_u	Dose response titration	TitrationExpRis.8
